1.    مقدمة عن البرنامج ودراسة سطح المكتب وتدريبات على استخدام الفأرة ببرنامج Accessories.,2,2,C01
2.    برامج وأدوات الويندوز .,2,3,C01
3.    إنشاء الملفات والمجلدات وكيفية التعامل معها من خلال Windows Explorer.,2,8,C01
4.    التعرف على نافذة Control Panel واستخداماتها.,2,4,C01
1.  مقدمة عن الشبكات وأساسيات الشبكة ومكوناتها.,2,0,C03
2.  أنواع الشبكات والبروتوكولات الخاصة بها.,3,0,C03
3.  طرق توصيل شبكات الحاسب.,5,0,C03
4.  مشاكل شبكات الحاسب مع تطبيقات وأمثلة على شبكات الحاسب السلكية واللاسلكية.,0,5,C03
1.  مقدمة عن مكونات الحاسب الآلي.,3,2,C04
2.  اللوحة الرئيسية والمعالجات (الأنواع والمشكلات).,3,2,C04
3.  أنواع الذاكرة ووحدات التخزين المختلفة.,3,2,C04
4.  مشاكل كروت الشاشة والشبكة.,3,2,C04
5.  مشاكل وحدات التغذية الكهربية (Power Supply).,3,2,C04
1.  مقدمة عن أنواع نظم التشغيل المختلفة.,2,0,C05
2.  العمل ببرامج المحاكاة الأجهزة الشخصية.,2,1,C05
3.  تركيب نظام التشغيل MS0Windows.,8,2,C05
4.  مشاكل نظام التشغيل MS0Windows.,4,1,C05
5.  تركيب نظام التشغيل  Linuxبإصداراته المختلفة والتعرف على مشاكله.,4,1,C05
1.  تحميل البرنامج وإعداده.,1,4,C06
2.  إدارة الخادم. ,1,4,C06
3.  التعامل مع الـ Active Directory.,2,8,C06
4.  متابعة مؤشرات الخادم.,1,4,C06
1.    مقدمة عن مكونات الحاسب الشخصي وملحقاته ونظام التشغيل Window MS0.,3,2,C08
2.    برنامج معالجة النصوص باستخدام MS0Word.,2,3,C08
3.    برنامج الجداول الإلكترونية باستخدام MS0Excel.,2,3,C08
4.    برنامج تصميم وتشغيل العروض التقديمية باستخدام MS0Power Point.,2,3,C08
5.    برنامج إدارة المكاتب باستخدام MS0Outlook. ,2,3,C08
1.    مفهوم الـ EDI وفوائده.,5,0,C09
2.    التجارة الإلكترونية وأدوات ومستلزمات الـ EDI.,5,0,C09
3.    تطبيقات عملية.,0,5,C09
1.    فتح الملف وحفظه مع تحديد الهوامش ولغة الكتابة ونوع الخط وحجمه. ,1,4,C10
2.    حقول الجدولة وترقيم الفقرات والتعامل مع قائمة تحرير.,1,4,C10
3.    إدراج الجداول وتعديلها وتنسيق الخلايا مع ضبط الخلفيات والحدود.,2,8,C10
4.    إدراج الصور والأشكال وضبطها.,2,8,C10
5.    ضبط الطباعة وتغيير طرق العرض وتطبيقات عملية.,1,4,C10
1.    مراجعة على إمكانيات برنامج Windows في طرق التعامل مع الملفات.,1,4,C11
2.    مراجعة الإمكانيات الأساسية لبرنامج MS0Word.,1,4,C11
3.    دمج المراسلات في طباعة الخطابات والأظرف.,2,8,C11
4.    ترقيم الصفحات مع إضافة رأس وتذييل الصفحة وتحديد أنماط الخطوط.,1,4,C11
5.    تطبيقات عملية.,0,10,C11
1.    مقدمة عن البرنامج وطرق التعامل مع الملفات.,1,4,C12
2.    تنسيق الخلايا.,1,4,C12
3.    أشرطة الأدوات. ,1,4,C12
4.    إدراج المعادلات والدوال وربط أوراق العمل.,2,8,C12
5.    إدراج الرسومات البيانية وتنسيقها وتنسيق الطباعة.,2,8,C12
1.    مراجعة على إمكانيات برنامج   MS0Excelالأساسية.,1,4,C13
2.    قواعد البيانات والتصفية الثانية المتقدمة.,2,8,C13
3.    المجموعات الفرعية ودمج قواعد البيانات.,2,8,C13
4.    الاختبار الشرطي ودوال قاعدة البيانات.,2,8,C13
1.    مقدمة عن قواعد البيانات واستخدام تطبيق MS0Access.,4,1,C14
2.    مدخل إلى إنشاء نظام متكامل لقواعد البيانات.,1,4,C14
3.    كيفية إنشاء جداول للبيانات مع إدخال وحفظ البيانات.,1,4,C14
4.    العلاقات بين الجداول.,1,4,C14
5.    إنشاء قاعدة بيانات كتطبيق مصغر.,1,4,C14
6.    دراسة أوامر إنشاء الشاشات والتقارير.,2,8,C14
1.    مراجعة على إنشاء نظام متكامل باستخدام قاعدة البيانات. ,2,8,C15
2.    الاستعلامات في قواعد البيانات واستخدام الحقول المحسوبة.,1,4,C15
3.    الأوامر المتقدمة للشاشات وإنشاء الشاشات الفرعية.,1,4,C15
4.    الأوامر المتقدمة للتقارير.,1,4,C15
5.    تطبيق متكامل.,0,10,C15
1.    مناقشة التطبيق المقترح 0 إنشاء جداول البيانات.,2,3,C16
2.    شاشات إدخال البيانات.,1,4,C16
3.    شاشات الاستعلام والربط بين الملفات.,2,8,C16
4.    التقارير المستخرجة.,1,4,C16
5.    تنفيذ التطبيق عملياً.,0,10,C16
1.    مقدمة عامة عن برامج عروض المشاريع وتطبيق MS0Power Point. ,1,4,C17
2.    دراسة الأوامر الأساسية للتطبيق.,1,4,C17
3.    اختيار نوع شاشة العرض والخلفية مع التنسيق.,1,4,C17
4.    إدراج الرسوم البيانية والجرافيكية الثابتة والمتحركة.,1,4,C17
5.    ضبط توقيتات العرض مع الأوامر المتقدمة.,1,4,C17
6.    تطبيقات عملية.,0,10,C17
1.    التعرف على البرنامج ودراسة الأوامر الأساسية للتطبيق. ,2,3,C18
2.    استخدام النتيجة ودفتر المواعيد ودليل الهاتف والعناوين,1,4,C18
3.    إنشاء قائمة المهام وإرسال واستقبال البريد والملحقات.,1,4,C18
1.    مقدمة عن كيفية نقل المعلومات وأجهزة الاتصال المستخدمة. ,2,3,C22
2.    التعريف ببرامج تصفح الإنترنت وكيفية إجراء البحث على الشبكة.,1,4,C22
3.    البريد الإلكتروني.,1,4,C22
1.    مراجعة على برنامج MS0Windows والملفات مع دراسة إنشاء المجلدات.,1,4,C23
2.    صقل مهارات لبرنامج MS0Word.,1,4,C23
3.    دراسة أولية لبرنامج MS0Power Point وإمكانياته في عرض التقارير النقاط الأساسية والرسوم البيانية لأي مشروع.,2,5,C23
4.    دراسة أولية لاستخدام شبكة الإنترنت.,1,4,C23
5.    دراسة أولية لبرنامج MS0Outlook وإمكانياته واستخدام البريد الإلكتروني ,3,10,C23
1.    مقدمة عن قواعد البيانات وتشغيل SQL.,4,1,C24
2.    الاستعلام عن البيانات.,1,4,C24
3.    التعامل مع البيانات (إضافة – حذف – تعديل).,1,4,C24
4.    إنشاء الجداول والقيود.,1,4,C24
5.    إنشاء تطبيق عملي مصغر.,0,5,C24
1.    البرمجة باستخدام PL/SQL.,1,4,C25
2.    إنشاء النماذج باستخدام Form Builder.,1,4,C25
3.    إنشاء التقارير باستخدام Report Builder.,1,4,C25
4.    إنشاء تطبيق عملي .,0,10,C25
1.    مناقشة التطبيق المقترح.,3,2,C26
2.    إنشاء جداول البيانات.,1,4,C26
3.    شاشات إدخال البيانات.,1,4,C26
4.    إنشاء الــ View والتقارير.,1,4,C26
5.    تنفيذ التطبيق عملياُ .,1,4,C26
1.    مقدمة عن قواعد البيانات  Oracle.,2,3,C27
2.    تثبيت برمجيات قواعد البيانات على الخادم الرئيسي.,1,4,C27
3.    تعريف المستخدمين وتحديد صلاحياتهم.,1,4,C27
4.    التعامل مع كائنات قواعد البيانات Oracle.,1,4,C27
5.    عمل النسخ الاحتياطية من البيانات واسترجاع البيانات.,1,4,C27
1.    مقدمة عن قواعد البيانات وتشغيل SQL Server Management Studio.,4,1,C28
2.    إنشاء الجداول وتوصيف الأعمدة ووضع القيود. ,1,4,C28
3.    توصيف العلاقات بين الجداول. ,1,4,C28
4.    التعامل مع البيانات (إضافة – حذف – تعديل). ,1,4,C28
5.    إنشاء الاستعلامات وتشغيلها. ,1,4,C28
1.     مراجعة على الأوامر الأولية لقواعد البيانات.,4,1,C29
2.     موضوعات متقدمة في الاستعلام عن البيانات.,2,8,C29
3.     إنشاء الإجراءات المخزنة.,1,4,C29
4.     تصميم التقارير. ,1,4,C29
1.    مقدمة عن قواعد البيانات.,2,3,C31
2.    تثبيت قواعد البيانات على الخادم الرئيسي.,1,4,C31
3.    تعريف المستخدمين وتحديد صلاحياتهم.,1,4,C31
4.    التعامل مع كائنات قواعد البيانات.,1,4,C31
5.    عمل النسخ الاحتياطية واسترجاع البيانات.,0,5,C31
1.    مقدمة عن البرمجة بلغة JAVA.,4,1,C32
2.    التعامل مع البيانات وعبارات الإدخال والإخراج.,1,4,C32
3.    الشروط والتكرارات والهياكل الأساسية للبرمجة. ,1,4,C32
4.    شرح الدوال واستخداماتها.,1,4,C32
5.    إنشاء دوال المستخدم وتطبيقاتها.,1,4,C32
1.    مراجعة عن البرمجة بلغة Java.,4,1,C33
2.    مدخل عن البرمجة باستخدام الكائنات.,1,4,C33
3.    إنشاء الكائنات والمتغيرات. ,1,4,C33
4.    أساليب متقدمة في هياكل البرمجة.,1,4,C33
5.    تطبيق مشروع عملي متكامل.,0,5,C33
1.    مقدمة عن البرمجة بلغة #C.,4,1,C34
2.    التعامل مع البيانات وعبارات الإدخال والإخراج.,1,4,C34
3.    الشروط والتكرارات والهياكل الأساسية للبرمجة. ,1,4,C34
4.    شرح الدوال واستخداماتها.,1,4,C34
5.    إنشاء دوال المستخدم وتطبيقاتها.,1,4,C34
1.    مراجعة عن البرمجة بلغة #C.,4,1,C35
2.    مدخل عن البرمجة باستخدام الكائنات.,1,4,C35
3.    إنشاء الكائنات والمتغيرات. ,1,4,C35
4.    أساليب متقدمة في هياكل البرمجة.,1,4,C35
5.    تطبيق مشروع عملي متكامل.,0,5,C35
1.    مقدمة عن البرمجة باستخدام Visual Basic وإطار NET.,5,0,C36
2.    التعامل مع واجهة بيئة التطوير والهيكل العام للغة.,1,4,C36
3.    التعامل مع المتغيرات والثوابت وإجراء العمليات الحسابية وأساليب إدخال وإخراج البيانات.,1,4,C36
4.    مكونات نماذج Windows والتعرف على الأحداث والخصائص.,1,4,C36
5.    تشغيل البرنامج واكتشاف أخطاء البرمجة.,1,4,C36
1.    البرامج الفرعية ودوال المستخدم والتعامل مع أخطاء التنفيذ.,1,4,C37
2.    القرارات والدورات.,1,4,C37
3.    مقدمة عن البرمجة باستخدام الكائنات وإنشاء الـ Classes وتطبيقاتها.,2,8,C37
4.    أساليب التوزيع والنشر المختلفة.,1,4,C37
1.    مقدمة عن تصميم قواعد البيانات.,4,1,C38
2.    استخدام نماذج البيانات.,1,4,C38
3.    تصميم التقارير.,4,1,C38
4.    برمجة قواعد البيانات.,2,8,C38
1.    أساسيات التعامل مع برنامج Photoshop.,2,3,C42
2.    التعامل مع أدوات الاختيار والأدوات المختلفة.,1,4,C42
3.    التعامل مع الطبقات والفلاتر.,1,4,C42
4.    إدخال وتجهيز الصور وإجراء التعديلات عليها.,1,4,C42
5.    استخدام الـ History وتطبيقاته.,1,4,C42
1.    أساسيات التعامل مع القنوات.,1,4,C43
2.    خيارات متقدمة للطبقات.,2,8,C43
3.    استخدام خيارات الألوان.,1,4,C43
4.    التعامل مع انساق الصور المختلفة.,1,4,C43
1.  الإعداد لتصميم موقع: الهدف واختيار المواضيع وعدد الصفحات وهيكل الموقع.,2,3,C46
2.  تصميم الصفحات باستخدام HTML.,2,3,C46
3.  استخدام CSS لتنسيق الصفحات.,2,3,C46
4.  إدراج الصور وعناصر الصوت والفيديو في الصفحات.,2,3,C46
5.  تصميم نماذج إدخال البيانات.,2,3,C46
1.    مقدمة عن لغة PHP ومكونات اللغة.,4,1,C48
2.    استخدام المتغيرات والمصفوفات والدوال.,1,4,C48
3.    التعامل مع الملفات.,1,4,C48
4.    التعامل مع قواعد البيانات.,1,4,C48
5.    تطبيق عملي.,0,5,C48
1.    مقدمة لتصميم المواقع باستخدام ASP.,2,3,C49
2.    عناصر لغة ASP.,2,8,C49
3.    الإجراءات الفرعية للغة ASP.,1,4,C49
4.    الكائنات بلغة ASP.,1,4,C49
1.  المفاهيم العلمية الحديثة لنظم المعلومات وأهمية نظم المعلومات.,2,0,C50
2.  تحديد متطلبات وهيكل نظم المعلومات.,3,0,C50
3.  وسائل تحليل وتصميم النظم.,5,0,C50
4.  تصميم قواعد البيانات.,5,0,C50
5.  توثيق النظم وقياس كفاءة التنفيذ للمشروعات.,5,0,C50
1.  مفهوم الأنظمة والبيانات والمعلومات.,5,0,C51
2.  الهيكل التنظيمي.,3,0,C51
3.  تطوير النظام القائم.,2,0,C51
4.  مواصفات محلل النظم.,3,0,C51
5.  دراسة الجدوى.,2,0,C51
6.  كيفية الحصول على المعلومة.,2,0,C51
7.  منهجية تحليل وتصميم النظم.,3,0,C51
8.  خطوات بناء النظام التحليلي.,2,0,C51
9.  أنواع الملفات وتكوينها.,3,0,C51
1.  تحليل وتصميم البيانات.,2,0,C52
2.  نموذج الكينونات وهياكل البيانات.,13,0,C52
3.  تحليل البيانات بأسلوب نموذج التطبيع الثالث (Normalization).,5,0,C52
4.  مخططات تدفق البيانات Data Flow Diagrams.,5,0,C52
5.  مقدمة عن تحليل وتصميم البيانات باستخدام مدخل الكائنات ولغة الـ UML.,5,0,C52
6.  حالة دراسية.,0,5,C52
1.    مقدمة عن الأرشفة الإلكترونية.  ,5,0,C53
2.    المحتوى الإلكتروني والتعامل مع الوثائق.,5,0,C53
3.    مراحل الأرشفة الإلكترونية.,5,0,C53
4.    تأمين الوثائق وتحديد صلاحيات المستخدمين.,5,0,C53
5.    مثال تطبيقي.,0,5,C53
1.  أساسيات لغة HTML.,2,3,C54
2.  البرمجة باستخدام لغة PHP.,2,8,C54
3.  برمجة الاتصال بقواعد البيانات.,2,3,C54
4.  تطبيقات عملية.,0,5,C54
1.  مراجعة على لغة PHP.,2,0,C55
2.  التعامل مع المتغيرات النصية.,1,2,C55
3.  نماذج البيانات والتحقق من الصحة.,2,3,C55
4.  دوال المستخدم وإدراج مكتبات الدوال.,2,3,C55
5.  المصفوفات متعددة الأبعاد.,2,3,C55
6.  إدارة الجلسات واستخدام الـ Cookies.,2,3,C55
1.    التعريف بأساسيات أمن المعلومات ,2,0,C56
2.    مقدمة عن شبكات الحاسب الآلي.,1,2,C56
3.    كيفية وضع أنظمة الحماية لشبكات الحاسب.,2,3,C56
4.    ضمان الحماية للبيانات على الإنترنت.,2,0,C56
5.    حماية المعلومات على أجهزة الهواتف المحمولة وتطبيقاتها.,1,2,C56
1.    التعريف بالحوسبة السحابية وإمكانية تبادل البيانات من خلالها.,2,3,C57
2.    التعريف بالبرمجيات الجديدة المستخدمة في تبادل البيانات إلكترونياً.,2,3,C57
3.    كيفية عمل الحسابات الإلكترونية والبحث عن البيانات.,2,3,C57
1.     مقدمة عن الإمكانيات الأساسية لنقل المعلومات وإمكانيات البحث المتقدم. ,5,0,C58
2.     استخدام الخدمات السحابية المختلفة (حفظ وتبادل الملفات).,1,4,C58
3.     استخدام الخدمات السحابية المختلفة (تطبيقات الإنترنت).,1,4,C58
